episode_id,episode_name,heroes,heroes_gender,heroes_location,heroes_nationality,heroes_kaggle_username,heroes_twitter_handle,category,flavour_of_tea,recording_date,recording_time,release_date,episode_duration,youtube_url,youtube_thumbnail_type,youtube_impressions,youtube_impression_views,youtube_ctr,youtube_nonimpression_views,youtube_views,youtube_watch_hours,youtube_avg_watch_duration,youtube_likes,youtube_dislikes,youtube_comments,youtube_subscribers,anchor_url,anchor_thumbnail_type,anchor_plays,spotify_starts,spotify_streams,spotify_listeners,apple_listeners,apple_listened_hours,apple_avg_listen_duration
E0,Chai Time Data Science Launch Announcement,,,,,,,Other,Masala Chai,2019-07-15,Evening,2019-07-21,157,https://www.youtube.com/watch?v=Ko_gxs42lM8,1,4433,86,1.94,45,131,3,82,4,0,2,3,https://anchor.fm/chaitimedatascience/episodes/Chai-Time-Data-Science-Launch-Announcement-e4mas9,0,553,491,262,359,29,1,117
E1,"Kaggle Triple Grandmaster, Abhishek Thakur Interview",Abhishek Thakur,Male,Norway,India,abhishek,abhi1thakur,Kaggle,Ginger Chai,2019-07-14,Evening,2019-07-22,2995,https://www.youtube.com/watch?v=Ezbo57Z33N8,0,25212,845,3.35,683,1528,142,335,55,0,5,60,https://anchor.fm/chaitimedatascience/episodes/Kaggle-Triple-Grandmaster--Abhishek-Thakur-Interview-e4mjoi,0,1271,826,608,456,56,25,1621
E2,"Interview with Kaggle Master, ML Engineer: Ryan Chesler",Ryan Chesler,Male,USA,USA,ryches,ryan_chesler,Kaggle,Masala Chai,2019-07-20,Afternoon,2019-07-26,2118,https://www.youtube.com/watch?v=SJVMSKig14k,0,3282,84,2.56,44,128,14,394,7,0,1,3,https://anchor.fm/chaitimedatascience/episodes/Interview-with-Kaggle-Master--ML-Engineer-Ryan-Chesler--Chai-Time-Data-Science-e4ntbt,0,681,398,274,214,19,10,1879
E3,"Interview with CEO of SharpestMinds, Edouard Harris",Edouard Harris,Male,Canada,Canada,,neutronsNeurons,Industry,Kashmiri Kahwa,2019-07-23,Night,2019-07-29,3072,https://www.youtube.com/watch?v=69urmSt34Ac,0,2376,38,1.60,57,95,11,417,2,0,0,1,https://anchor.fm/chaitimedatascience/episodes/Interview-with-CEO-of-SharpestMinds--Edouard-Harris--Chai-Time-Data-Science-e4nti6,0,638,334,230,169,10,4,1344
E4,Data Science for Good: City of LA Kaggle Winning Solution Interview with Kaggle Kernels Grandmaster Shivam Bansal,Shivam Bansal,Male,Singapore,India,shivamb,shivamshaz,Kaggle,Apple Cinnamon,2019-07-14,Morning,2019-08-02,1048,https://www.youtube.com/watch?v=wMYX3KABHCk,0,3884,116,2.99,36,152,9,213,4,0,0,4,https://anchor.fm/chaitimedatascience/episodes/Data-Science-for-Good-City-of-LA-Kaggle-Winning-Solution-Interview-with-Kaggle-Kernels-Grandmaster-Shivam-Bansal-e4qc36,0,495,201,139,123,17,3,633
E5,"Deep Learning Research, Hardware, Kaggle | Interview with Tim Dettmers",Tim Dettmers,Male,USA,Germany,timdettmers,Tim_Dettmers,Research,Kashmiri Kahwa,2019-07-24,Night,2019-08-05,6242,https://www.youtube.com/watch?v=8Fp9m4fNDQ4,0,2937,60,2.04,76,136,22,582,4,0,1,6,https://anchor.fm/chaitimedatascience/episodes/Deep-Learning-Research--Hardware--Kaggle--Interview-with-Tim-Dettmers-e4qcad,0,668,279,198,125,10,6,2213
E6,Interview with Kaggle Kernels GM: Shivam Bansal,Shivam Bansal,Male,Singapore,India,shivamb,shivamshaz,Kaggle,Apple Cinnamon,2019-07-14,Morning,2019-08-09,2776,https://www.youtube.com/watch?v=X73CzKIhqs8,0,5664,146,2.58,118,264,32,436,17,0,3,10,https://anchor.fm/chaitimedatascience/episodes/Interview-with-Kaggle-Kernels-GM-Shivam-Bansal-e4qcbe,0,602,248,180,129,17,7,1516
E7,Interview with Kaggle Kernels Grandmaster #1: Artgor | Andrew Lukyanenko,Andrey Lukyanenko,Male,Russia,Russia,artgor,AndLukyane,Kaggle,Tulsi Chai,2019-07-10,Evening,2019-08-13,2459,https://www.youtube.com/watch?v=rpClh8WmTdo,0,2694,37,1.37,33,70,5,257,3,0,0,0,https://anchor.fm/chaitimedatascience/episodes/Interview-with-Kaggle-Kernels-Grandmaster-1-Artgor--Andrew-Lukyanenko-e4r6du,0,1283,431,304,251,38,15,1432
E8,"NVIDIA's DALI Library, Image Augmentations Discussion: James Dellinger",James Dellinger,Male,USA,USA,jamesdellinger,jamrdell,Industry,Masala Chai,2019-06-23,Morning,2019-08-16,1949,https://www.youtube.com/watch?v=4kMEdDcBt00,0,2862,84,2.94,45,129,12,335,1,0,0,3,https://anchor.fm/chaitimedatascience/episodes/NVIDIAs-DALI-Library--Image-Augmentations-Discussion-Interview-with-James-Dellinger-e4r6f7,0,324,98,62,66,13,4,1242
E9,Albumentations Framework: a fast image augmentations library | Interview with Dr. Vladimir Iglovikov,Vladimir Iglovikov,Male,USA,Russia,iglovikov,viglovikov,Kaggle,Ginger Chai,2019-07-18,Night,2019-08-20,3182,https://www.youtube.com/watch?v=JS9xol0VmA4,0,3152,92,2.92,63,155,13,302,2,1,0,0,https://anchor.fm/chaitimedatascience/episodes/Albumentations-Framework-a-fast-image-augmentations-library--Interview-with-Dr--Vladimir-Iglovikov-e4r6e4,0,385,125,74,63,8,4,1758
E10,"Interview with the Leader of mlcourse.ai, Dr. Yury Kashnitsky",Yury Kashnitsky,Male,USA,Russia,kashnitsky,ykashnitsky,Kaggle,Ginger Chai,2019-08-12,Morning,2019-08-24,3727,https://www.youtube.com/watch?v=guvFOjxdeeA,0,3714,63,1.70,45,108,13,433,4,0,0,3,https://anchor.fm/chaitimedatascience/episodes/Interview-with-the-Leader-of-mlcourse-ai--Dr--Yury-Kashnitsky--Chai-Time-Data-Science-e52r5u,0,803,225,150,90,36,23,2319
E11,"MuseNet, OpenAI and Deep Learning Research: Interview with Christine Payne",Christine Payne,Female,USA,USA,,mcleavey,Research,Kashmiri Kahwa,2019-07-29,Night,2019-08-26,3640,https://www.youtube.com/watch?v=xwXIaDrQvwE,0,5475,158,2.89,121,279,32,413,12,0,2,7,https://anchor.fm/chaitimedatascience/episodes/MuseNet--OpenAI-and-Deep-Learning-Research-Interview-with-Christine-Payne-e4r6hb,0,502,191,108,102,12,7,2012
E13,"Deep Learning Applied to Audio, Self Studying ML | Interview with fast.ai fellow Robert Bracco",Robert Bracco,Male,USA,USA,madeupmasters,MadeUpMasters,Kaggle,Tulsi Chai,2019-07-12,Night,2019-09-02,2950,https://www.youtube.com/watch?v=k-gZAyg5ib8,0,4153,95,2.29,66,161,21,470,6,0,0,1,https://anchor.fm/chaitimedatascience/episodes/Deep-Learning-Applied-to-Audio--Self-Studying-ML--Interview-with-fast-ai-fellow-Robert-Bracco-e4r6d9,0,670,209,146,117,20,12,2190
E14,"And the Bit Goes Down, Deep Learning Research, Research at FAIR | Interview with Pierre Stock",Pierre Stock,Male,France,France,,PierreStock,Research,Masala Chai,2019-08-12,Night,2019-09-06,2794,https://www.youtube.com/watch?v=I1xf8lPU3cs,0,3206,29,0.90,14,43,2,167,1,0,0,0,https://anchor.fm/chaitimedatascience/episodes/And-the-Bit-Goes-Down--Deep-Learning-Research--Research-at-FAIR--Interview-with-Pierre-Stock-e52rpk,0,391,114,61,70,19,6,1130
E15,"Medical Science, Open Source and AI | Interview with Dr. Judy Gichoya",Judy Gichoya,Female,USA,Africa,,judywawira,Industry,Apple Cinnamon,2019-08-14,Night,2019-09-09,3797,https://www.youtube.com/watch?v=X9k7TWUc4Og,0,3704,27,0.73,120,147,9,220,4,0,0,2,https://anchor.fm/chaitimedatascience/episodes/Medical-Science--Open-Source-and-AI--Interview-with-Dr--Judy-Gichoya-e52rst,0,514,148,97,97,17,8,1610
E16,"Producing a Chainsmokers Remix with AI, DAWNBench & fastai | Interview with Andrew Shaw",Andrew Shaw,Male,USA,USA,,bearpelican,Industry,Tulsi Chai,2019-08-27,Night,2019-09-29,2243,https://www.youtube.com/watch?v=zbYeCWG9GIU,0,4602,58,1.26,49,107,8,269,8,0,0,1,https://anchor.fm/chaitimedatascience/episodes/Producing-a-Chainsmokers-Remix-with-AI-MusicAutobot--DAWNBench--fast-ai--Interview-with-Andrew-Shaw-e5kvdq,0,382,112,65,74,7,2,1191
E17,"Hugging Face, Transformers | NLP Research and Open Source | Interview with Julien Chaumond",Julien Chaumond,Male,USA,France,,julien_c,Industry,Tulsi Chai,2019-08-29,Night,2019-10-03,3861,https://www.youtube.com/watch?v=ejWkDviM5QM,0,17892,514,2.87,308,822,68,298,21,1,0,19,https://anchor.fm/chaitimedatascience/episodes/Hugging-Face--Transformers--NLP-Research-and-Open-Source--Interview-with-Julien-Chaumond-e5o819,0,849,245,164,129,35,17,1730
E18,"Generative Deep Learning, Technical Writing & Data Science Consulting | Interview with David Foster",David Foster,Male,UK,UK,,,Industry,Tulsi Chai,2019-08-25,Night,2019-10-16,2592,https://www.youtube.com/watch?v=4gXzka76AJk,0,3317,59,1.78,159,218,20,330,4,0,0,4,https://anchor.fm/chaitimedatascience/episodes/Generative-Deep-Learning--Technical-Writing--Data-Science-Consulting--Interview-with-David-Foster-e7kqkd,0,576,152,91,85,18,5,1066
E19,Chip Huyen Interview: Machine Learning Interviews | MOOCS and Deep Learning at NVIDIA,Chip Huyen,Female,USA,Vietnam,,chipro,Industry,Masala Chai,2019-08-21,Morning,2019-10-19,3603,https://www.youtube.com/watch?v=cWwlou9aYUA,0,5841,494,8.46,246,740,40,195,13,0,0,7,https://anchor.fm/chaitimedatascience/episodes/Chip-Huyen-Interview-Machine-Learning-Interviews--MOOCS-and-Deep-Learning-at-NVIDIA-e7kqun,0,951,254,176,150,50,22,1574
E20,Gold Medalling in First Kaggle Comp | Predicting Molecular Prop: 4 GM & The Brain | Boris Dorado,Boris Dorado,Male,France,France,borisdee,,Kaggle,Ginger Chai,2019-09-22,Afternoon,2019-10-22,3152,https://www.youtube.com/watch?v=WaCBeiyQw4Q,0,2628,47,1.79,17,64,5,281,2,0,0,1,https://anchor.fm/chaitimedatascience/episodes/Boris-Dorado-Interview--Gold-Medalling-in-First-Kaggle-Comp--Predicting-Molecular-Prop-Kaggle-Comp-Solution-e7m6s3,0,576,121,80,71,26,13,1822
E21,Swift For Tensorflow | Software Engineering Internship at Google | Interview with Bart Chrazaszcz,Bart Chrazaszcz,Male,Canada,Canada,,bart_chr,Research,Masala Chai,2019-09-28,Morning,2019-10-26,2141,https://www.youtube.com/watch?v=OTXKRPGhQu8,0,3970,113,2.85,192,305,24,283,8,0,0,8,https://anchor.fm/chaitimedatascience/episodes/Swift-For-Tensorflow--Software-Engineering-Internship-at-Google--Interview-with-Bart-Chrazaszcz-e88ll2,0,435,94,51,61,17,7,1471
E22,DeepMind & AlphaGo | Deep Learning Research | Swift For Tensorflow | Interview with Dr. Marc Lanctot,Marc Lactot,Male,Canada,Canada,,sharky6000,Research,Apple Cinnamon,2019-08-27,Night,2019-10-27,4284,https://www.youtube.com/watch?v=-uUHR5VALB0,0,5959,168,2.82,476,644,66,369,19,0,1,17,https://anchor.fm/chaitimedatascience/episodes/DeepMind--AlphaGo--Deep-Learning-Research--Swift-For-Tensorflow--Interview-with-Dr--Marc-Lanctot-e7ks0s,0,693,177,119,110,42,28,2384
E12,Freelancing in Machine Learning | Interview with Tuatini Godard,Tuatini Godard,Male,France,France,ekami66,,Industry,Kashmiri Kahwa,2019-07-11,Morning,2019-10-29,2684,https://www.youtube.com/watch?v=AwJpKBMog6c,0,3659,61,1.67,53,114,17,537,4,0,0,2,,,,,,,,,
E23,Predicting Molecular Prop Kaggle Comp 2nd Place Sol | Interview with Kaggle Master Andres Torrubia,Andres Torrubia,Male,Spain,Spain,antorsae,antor,Kaggle,Apple Cinnamon,2019-09-01,Night,2019-11-01,7876,https://www.youtube.com/watch?v=sqo2h7aYPPk,0,7213,150,2.08,546,696,68,352,17,0,3,24,https://anchor.fm/chaitimedatascience/episodes/Predicting-Molecular-Prop-Kaggle-Comp-2nd-Place-Sol--Interview-with-Kaggle-Master-Andres-Torrubia-e8h0tj,0,673,166,109,81,22,31,5122
E24,Medalling in all Entered Kaggle Comp | IEEE-CIS Comp 6th Pos Sol | Interview with Dr Philipp Singer,Philipp Singer,Male,Austria,Austria,philippsinger,ph_singer,Kaggle,Masala Chai,2019-10-12,Evening,2019-11-04,3825,https://www.youtube.com/watch?v=7sh5QrUIAHI,0,8570,272,3.17,622,894,115,463,22,1,3,19,https://anchor.fm/chaitimedatascience/episodes/Medalling-in-all-Entered-Kaggle-Comp--IEEE-CIS-Comp-6th-Pos-Sol--Interview-with-Dr-Philipp-Singer-e7m6s8,0,753,217,136,98,29,22,2687
E25,"Kaggle Discussions Rank #1, x2 Grandmaster: Dr. Jean Francois Puget | IEEE-CIS Comp 2nd Pos Sol",Jean Francois Puget,Male,France,France,cpmpml,jfpuget,Kaggle,Masala Chai,2019-10-11,Afternoon,2019-11-21,3462,https://www.youtube.com/watch?v=wqHlAOFSFuQ,0,8071,329,4.08,635,964,103,385,29,1,1,30,https://anchor.fm/chaitimedatascience/episodes/Kaggle-Discussions-Rank-1--x2-Grandmaster-Dr--Jean-Francois-Puget--IEEE-CIS-Comp-2nd-Pos-Sol-e7m6s7,1,776,205,148,111,48,23,1719
E26,DistilBERT | Research at Hugging Face | NLP and Open Source | Interview with Victor Sanh,Victor Sanh,Male,USA,France,,sanhestpasmoi,Research,Masala Chai,2019-10-14,Morning,2019-12-05,2972,https://www.youtube.com/watch?v=n7zZzUwqBig,0,14915,601,4.03,633,1234,86,251,20,0,1,28,https://anchor.fm/chaitimedatascience/episodes/DistilBERT--Research-at-Hugging-Face--NLP-and-Open-Source--Interview-with-Victor-Sanh-e9bp0n,1,684,130,86,83,41,17,1503
E27,Interview with Jeremy Howard | fast.ai | Kaggle | Machine Learning Research,Jeremy Howard,Male,USA,Australia,jhoward,jeremyphoward,Industry,Sulemani Chai,2019-11-18,Night,2019-12-08,4851,https://www.youtube.com/watch?v=205j37G1cxw,0,27596,1297,4.70,3205,4502,704,563,183,3,16,139,https://anchor.fm/chaitimedatascience/episodes/Interview-with-Jeremy-Howard--fast-ai--Kaggle--Machine-Learning-Research-e9ddbh,1,1527,466,373,204,96,83,3117
E28,Interview with Arno Candel | AutoML | Physics | H2O.ai,Arno Candel,Male,USA,Switzerland,arnocandel,arnocandel,Industry,Sulemani Chai,2019-11-12,Afternoon,2019-12-12,4070,https://www.youtube.com/watch?v=72nXl0tvgc0,0,12900,245,1.90,577,822,71,312,10,0,1,6,https://anchor.fm/chaitimedatascience/episodes/Interview-with-Arno-Candel--AutoML--Physics--H2O-ai--CTDS-Show-e9doo2,1,950,204,137,101,51,25,1743
E29,"Eugene Khvedchenya | Kaggle, Computer Vision & Best Code Practises | Severstal Steel, 4th Pos Sol",Eugene Khvedchenya,Male,Ukraine,Ukraine,bloodaxe,cvtalks,Kaggle,Sulemani Chai,2019-10-28,Evening,2020-01-10,3127,https://www.youtube.com/watch?v=TwhJfZHx10s,1,7121,213,2.99,458,671,46,247,30,1,1,14,https://anchor.fm/chaitimedatascience/episodes/Eugene-Khvedchenya--Kaggle--Computer-Vision--Best-Code-Practises--Severstal-Steel--4th-Pos-Sol-ea34a8,1,624,100,67,57,34,13,1370
E30,"Interview with x2 Kaggle GM: Dr. Olivier Grellier | Kaggle, Data Science & H2O.ai",Olivier Grellier,Male,France,France,ogrellier,,Kaggle,Ginger Chai,2019-11-18,Evening,2020-01-13,2276,https://www.youtube.com/watch?v=96YP13cxoq4,0,10500,189,1.80,568,757,58,277,17,0,2,18,https://anchor.fm/chaitimedatascience/episodes/Interview-with-x2-Kaggle-GM-Dr--Olivier-Grellier--Kaggle--Data-Science--H2O-ai-ea5ekr,1,564,81,49,50,32,12,1306
E31,"Interview with Even Oldridge | Applied Research, Top Down Learning & Fast.ai | NVIDIA & Rapids.ai",Even Oldridge,Male,Canada,Canada,evenoldridge,Even_Oldridge,Industry,Masala Chai,2019-11-28,Morning,2020-01-16,5213,https://www.youtube.com/watch?v=-WzXIV8P_Jk,0,7371,130,1.76,190,320,39,439,5,2,2,5,https://anchor.fm/chaitimedatascience/episodes/Interview-with-Even-Oldridge--Applied-Research--Top-Down-Learning--Fast-ai--NVIDIA--Rapids-ai-ea7hon,1,561,83,56,42,32,24,2714
E32,"Interview with Leland Wilkinson | Grammar of Graphics | Open Source, Statistics & Software Dev",Leland Wilkinson,Male,USA,USA,,,Industry,Sulemani Chai,2019-12-16,Night,2020-01-19,3751,https://www.youtube.com/watch?v=j5dxrptSBYw,0,12300,148,1.20,321,469,51,394,17,0,1,11,https://anchor.fm/chaitimedatascience/episodes/Interview-with-Leland-Wilkinson--Grammar-of-Graphics--Open-Source--Statistics--Software-Dev-ea9fj4,1,530,61,41,34,24,10,1559
E33,"Interview with Kaggle Legend: Gilberto Titericz | Giba, Former #1 | Data Science & Kaggle",Gilberto Titericz,Male,Brazil,Brazil,titericz,giba1,Kaggle,Sulemani Chai,2019-11-30,Morning,2020-01-23,3844,https://www.youtube.com/watch?v=MpYeDKw8EOg,1,9232,328,3.55,1084,1412,181,461,51,1,4,35,https://anchor.fm/chaitimedatascience/episodes/Kaggle-Legend-Gilberto-Titericz--Giba--Former-1--Data-Science--Kaggle-ea9vdn,1,618,112,84,54,29,19,2343
E34,Dmitry Gordeev & Philipp Singer | What does it take to win a Kaggle Comp? | NFL Data Bowl Win Sol,Dmitry Gordeev | Philipp Singer,Male,Austria,Austria,dott1718 | philippsinger,dott1718 | ph_singer,Kaggle,Sulemani Chai,2020-01-15,Night,2020-01-26,4657,https://www.youtube.com/watch?v=_Srv0bKmfjY,1,7382,256,3.47,834,1090,144,476,30,1,0,18,https://anchor.fm/chaitimedatascience/episodes/Dmitry-Gordeev--Philipp-Singer--What-does-it-take-to-win-a-Kaggle-Comp---NFL-Data-Bowl-Win-Sol-eaaihi,1,621,108,69,54,35,28,2887
E35,"Rohan Rao | Numbers, Data Science & Kaggle | ASHRAE - Great Energy Predictor 2nd Pos Sol",Rohan Rao,Male,India,India,rohanrao,vopani,Kaggle,Ginger Chai,2020-01-10,Morning,2020-01-30,6151,https://www.youtube.com/watch?v=4nVL4ICMNcw,0,14000,420,3.00,735,1155,132,413,36,0,1,26,https://anchor.fm/chaitimedatascience/episodes/Rohan-Rao--Numbers--Data-Science--Kaggle--ASHRAE---Great-Energy-Predictor-2nd-Pos-Sol-eaa0db,1,590,114,74,56,22,12,1962
E36,DeOldify | Fast.ai & NoGAN | Machine Learning & Software Engineering | Interview with Jason Antic,Jason Antic,Male,USA,USA,,citnaj,Industry,Herbal Tea,2019-12-21,Night,2020-02-02,3916,https://www.youtube.com/watch?v=A5Cq8SWudts,0,7696,189,2.46,586,775,71,330,31,1,8,21,https://anchor.fm/chaitimedatascience/episodes/Interview-with-Jason-Antic--DeOldify--Fast-ai--NoGAN--Machine-Learning--Software-Engineering-eaj1t4,1,596,93,60,52,28,22,2816
E37,The Story of Kaggle & Kaggle's Evolution | Interview with the CEO of Kaggle: Anthony Goldbloom,Anthony Goldbloom,Male,USA,Australia,antgoldbloom,antgoldbloom,Kaggle,Ginger Chai,2020-01-07,Morning,2020-02-06,3909,https://www.youtube.com/watch?v=jw2Z-IMyFYw,0,5883,127,2.16,340,467,48,370,32,1,7,11,https://anchor.fm/chaitimedatascience/episodes/The-Story-of-Kaggle--Kaggles-Evolution--Interview-with-the-CEO-of-Kaggle-Anthony-Goldbloom-ea9fj6,1,595,102,58,56,29,19,2414
E38,Becoming The Youngest Kaggle Grandmaster | ML For Japanese Literature | Anokas: Mikel Bober-Irizar,Mikel Bober-Irizar,Male,UK,UK,anokas,mikb0b,Kaggle,Ginger Chai,2020-01-25,Evening,2020-02-09,3559,https://www.youtube.com/watch?v=maR9ibJ2r7g,0,9558,465,4.87,903,1368,148,389,51,0,5,29,https://anchor.fm/chaitimedatascience/episodes/Anokas-Mikel-Bober-Irizar--Becoming-The-Youngest-Kaggle-Grandmaster--ML-For-Japanese-Literature--Kaggle-eanr0n,1,674,160,118,55,32,23,2632
E39,"Machine Learning, H2O.ai & Machine Learning Interpretability | Interview with Patrick Hall",Patrick Hall,Male,USA,USA,,jpatrickhall,Industry,Herbal Tea,2020-01-14,Evening,2020-02-13,3490,https://www.youtube.com/watch?v=TSmSBWnVSzc,0,10000,190,1.90,638,828,47,204,7,0,0,10,https://anchor.fm/chaitimedatascience/episodes/Interview-with-Sr--Director-of-Product-at-H2O-ai-Patrick-Hall--Machine-Learning--H2O-ai--Machine-Learning-Interpretability-ea9ff0,1,530,75,53,47,21,12,2011
E40,Interview with Zachary Mueller | Fast.ai: The course and New Library | SGs and Top Down Learning,Zachary Mueller,Male,USA,USA,muellerzr,TheZachMueller,Industry,Herbal Tea,2020-01-12,Evening,2020-02-16,3758,https://www.youtube.com/watch?v=AXr8pzXXUDQ,0,5528,166,3.00,377,543,61,404,24,0,0,15,https://anchor.fm/chaitimedatascience/episodes/Interview-with-Zachary-Mueller--Fast-ai-The-course-and-New-Library--SGs-and-Top-Down-Learning-easari,1,602,99,75,51,26,18,2519
E41,Software Engineering & Data Science | Machine Learning Interpretability | Open Source | Navdeep Gill,Navdeep Gill,Male,USA,USA,,Navdeep_Gill_,Industry,Herbal Tea,2020-02-05,Night,2020-02-20,3563,https://www.youtube.com/watch?v=9l8D8Ktlmpo,0,8900,125,1.40,199,324,20,222,10,0,1,3,https://anchor.fm/chaitimedatascience/episodes/Navdeep-Gill--Software-Engineering--Data-Science--Machine-Learning-Interpretability--Open-Source-eauhps,1,548,68,48,35,21,9,1565
E42,"Statistics, Open Source & ML Research | Python for ML | Interview with Sebastian Raschka",Sebastian Raschka,Male,USA,Germany,,rasbt,Industry,Herbal Tea,2020-01-28,Morning,2020-02-23,4101,https://www.youtube.com/watch?v=beSLA-wO2T4,1,9478,275,2.90,577,852,61,258,39,1,1,40,https://anchor.fm/chaitimedatascience/episodes/Interview-with-Sebastian-Raschka--Statistics--Open-Source--ML-Research--Python-for-ML-Book-eauidk,1,650,111,90,51,37,19,1891
E43,Cyber-Security & Anti-Money Laundering | Applied AI & H2O AI | Interview with Dr. Ashrith Barthur,Ashrith Barthur,Male,USA,India,,cyberbaggage,Industry,Kesar Rose Chai,2020-02-21,Night,2020-02-27,2649,https://www.youtube.com/watch?v=pVhGyVr61ps,0,8400,126,1.50,434,560,42,270,10,0,1,6,https://anchor.fm/chaitimedatascience/episodes/Interview-with-Dr--Ashrith-Barthur--Cyber-Security--Anti-Money-Laundering--Applied-AI--H2O-AI-eb1jti,1,469,25,14,16,22,8,1231
E44,"Fast.ai, Learning to Learn | Machine Learning, Kaggle & Blogging | Interview with Radek Osmulski",Radek Osmulski,Male,Poland,Poland,radek1,radekosmulski,Industry,Herbal Tea,2020-02-20,Afternoon,2020-03-01,3936,https://www.youtube.com/watch?v=4h41v07bYYI,0,7607,260,3.42,588,848,122,518,49,2,5,24,https://anchor.fm/chaitimedatascience/episodes/Interview-with-fast-ai-hero-Radek-Osmulski--Fast-ai--Learning-to-Learn--Machine-Learning--Kaggle--Blogging-eav36v,1,657,113,88,55,30,25,3031
E45,"Interview with Marios Michailidis | What does it take to become #1 on Kaggle | DSB 2019, 14th Pos Sol",Marios Michailidis,Male,UK,Greece,kazanova,stacknet_,Kaggle,Sulemani Chai,2020-02-14,Afternoon,2020-03-05,3276,https://www.youtube.com/watch?v=A3GvuHqGGZI,0,9700,213,2.20,545,758,62,294,13,0,3,10,https://anchor.fm/chaitimedatascience/episodes/Interview-with-Marios-Michailidis--What-does-it-take-to-become-1-on-Kaggle--DSB-2019--14th-Pos-Sol-eb401g,2,470,49,32,32,13,1,230
M0,00 Introduction & About: fast.ai 2019 & Things Jeremy Howard says to do,,,,,,,Other,Kesar Rose Chai,2020-02-26,Night,2020-03-07,624,https://www.youtube.com/watch?v=rzuIkj8lymc,2,3789,139,3.67,162,301,15,179,15,0,2,10,https://anchor.fm/chaitimedatascience/episodes/00-fast-ai-2019-Summaries--Things-Jeremy-Howard-says-to-do-eb97el,2,308,49,33,35,6,1,463
M1,01: Lesson-1 Image Classification | fast.ai 2019 & Things Jeremy Howard says to do,,,,,,,Other,Kesar Rose Chai,2020-02-26,Night,2020-03-07,341,https://www.youtube.com/watch?v=RKtfgXz7Qo0,2,4643,163,3.51,56,219,7,115,8,0,2,1,https://anchor.fm/chaitimedatascience/episodes/01-fast-ai-Lesson-1-Image-Classification--fast-ai-2019--Things-Jeremy-Howard-says-to-do-eb97ek,2,368,37,32,29,10,1,504
M2,02: Lesson-2 Production & SGD From Scratch | fast.ai 2019 & Things Jeremy Howard says to do,,,,,,,Other,Kesar Rose Chai,2020-02-26,Night,2020-03-07,316,https://www.youtube.com/watch?v=ahdybq2V-38,2,3144,63,2.00,37,100,3,108,2,1,0,0,https://anchor.fm/chaitimedatascience/episodes/02-fast-ai-Lesson-2-Production--SGD-From-Scratch--fast-ai-2019--Things-Jeremy-Howard-says-to-do-eb97eu,2,317,33,21,24,8,1,312
M3,03: Lesson-3 Multi-label; SGD from scratch | fast.ai 2019 & Things Jeremy Howard says to do,,,,,,,Other,Kesar Rose Chai,2020-02-26,Night,2020-03-07,332,https://www.youtube.com/watch?v=Z-waVKLcLJE,2,2436,52,2.13,28,80,3,135,2,0,0,0,https://anchor.fm/chaitimedatascience/episodes/03-fast-ai-Lesson-3-Multi-label-SGD-from-scratch--fast-ai-2019--Things-Jeremy-Howard-says-to-do-eb97em,2,276,20,13,16,11,1,260
M4,04: Lesson-4 NLP:Tabular Data; Recsys | fast.ai 2019 & Things Jeremy Howard says to do,,,,,,,Other,Kesar Rose Chai,2020-02-26,Night,2020-03-07,281,https://www.youtube.com/watch?v=5CW3QdGdr8c,2,2592,40,1.54,23,63,2,114,3,0,0,1,https://anchor.fm/chaitimedatascience/episodes/04-fast-ai-Lesson-4-NLPTabular-Data-Recsys--fast-ai-2019--Things-Jeremy-Howard-says-to-do-eb97f0,2,301,24,17,17,10,7,2547
M5,05: Lesson 5: Backprop; Neural Nets from scratch | fast.ai 2019 & Things Jeremy Howard says to do,,,,,,,Other,Kesar Rose Chai,2020-02-26,Night,2020-03-07,311,https://www.youtube.com/watch?v=RIGlXwvUo_Q,2,2536,26,1.03,11,37,1,97,0,0,0,0,https://anchor.fm/chaitimedatascience/episodes/05-fast-ai-Lesson-5-Backprop-Neural-Nets-from-scratch--fast-ai-2019--Things-Jeremy-Howard-says-to-do-eb97f8,2,279,18,16,15,15,2,479
M6,06: Lesson-6 CNN Deep Dive; Ethics | fast.ai 2019 & Things Jeremy Howard says to do,,,,,,,Other,Kesar Rose Chai,2020-02-26,Night,2020-03-07,412,https://www.youtube.com/watch?v=nAE8tq_SIXo,2,3572,49,1.37,33,82,2,88,2,0,0,0,https://anchor.fm/chaitimedatascience/episodes/06-fast-ai-Lesson-6-CNN-Deep-Dive-Ethics--fast-ai-2019--Things-Jeremy-Howard-says-to-do-eb97fn,2,275,27,13,17,11,2,515
M7,07: Lesson-7 ResNet; U-Net; GANs | fast.ai 2019 & Things Jeremy Howard says to do,,,,,,,Other,Kesar Rose Chai,2020-02-26,Night,2020-03-07,467,https://www.youtube.com/watch?v=0eWG6apI1iY,2,2381,22,0.92,20,42,2,171,1,0,0,0,https://anchor.fm/chaitimedatascience/episodes/07-fast-ai-Lesson-7-ResNet-U-Net-GANs--fast-ai-2019--Things-Jeremy-Howard-says-to-do-eb97fq,2,281,19,14,17,9,1,288
M8,"08: Where to go from here, General fast.ai advice",,,,,,,Other,Kesar Rose Chai,2020-02-26,Night,2020-03-07,605,https://www.youtube.com/watch?v=oOr-7hYaU8o,2,2133,33,1.55,11,44,2,164,1,0,0,0,https://anchor.fm/chaitimedatascience/episodes/08-Where-to-go-from-here--General-fast-ai-advice-eb97g2,2,376,26,17,22,8,1,301
E46,Classical Japanese Lit & ML | Kuzushiji recog kaggle comp | Interview with Tarin Clanuwat,Tarin Clanuwat,Female,Japan,Japan,,tkasasagi,Research,Sulemani Chai,2020-02-03,Evening,2020-03-08,2162,https://www.youtube.com/watch?v=9E5JnTj8df0,1,4221,115,2.72,73,188,2,38,3,0,1,0,https://anchor.fm/chaitimedatascience/episodes/Interview-with-Tarin-Clanuwat--Classical-Japanese-Literature--ML--Kuzushiji-recognition-kaggle-comp-eb4rh6,3,605,43,29,33,17,7,1472
E47,"NFL 1st and Future: Analytics Winning Sol | ""Real World Data Sci"" & Kaggle | Interview with John Miller",John Miller,Male,USA,USA,jpmiller,johnmillertx,Kaggle,Herbal Tea,2020-02-03,Evening,2020-03-12,2936,https://www.youtube.com/watch?v=Ic__3zG-ab4,0,7400,96,1.30,141,237,19,295,13,0,0,1,https://anchor.fm/chaitimedatascience/episodes/Interview-w-John-Miller--NFL-1st-and-Future-Analytics-Winning-Sol--Real-World-Data-Sci--Kaggle-eb7p33,1,419,26,19,17,12,6,1652
E48,Interview with ChristOf Henkel | Google Quest Q&A Labelling Comp 2nd Pos Sol | Rapids.ai & Kaggle,Christof Henkel,Male,Germany,Germany,christofhenkel,kagglingdieter,Kaggle,Ginger Chai,2020-02-12,Afternoon,2020-03-15,3180,https://www.youtube.com/watch?v=Q0_Xajic_9U,0,5196,162,3.12,731,893,88,355,32,1,2,23,https://anchor.fm/chaitimedatascience/episodes/Interview-with-ChristOf-Henkel--Google-Quest-QA-Labelling-Comp-2nd-Pos-Sol--Rapids-ai--Kaggle-eb4rpr,1,461,48,36,24,12,7,2119
E49,Interview with Parul Pandey | Getting Started with Data Science & Blogging | Women in Data Science,Parul Pandey,Female,India,India,parulpandey,pandeyparul,Industry,Ginger Chai,2020-02-26,Morning,2020-03-19,3570,https://www.youtube.com/watch?v=DjBgB_fNXl0,0,17600,722,4.10,1439,2161,116,193,54,5,12,66,https://anchor.fm/chaitimedatascience/episodes/Interview-with-Parul-Pandey--Getting-Started-with-Data-Science--Blogging--Women-in-Data-Science-eb4tr8,1,472,38,28,28,8,2,767
E50,Inversion: Walter Reade | Data Science at Kaggle | Becoming a Data Scientist & Kaggle Grandmaster,Walter Reade,Male,USA,USA,inversion,walterreade,Kaggle,Ginger Chai,2020-02-03,Night,2020-03-22,2746,https://www.youtube.com/watch?v=OoB_LQpgDCk,0,5273,95,1.80,107,202,26,463,11,0,2,3,https://anchor.fm/chaitimedatascience/episodes/Interview-with-Inversion-Walter-Reade--Data-Science-at-Kaggle--Becoming-a-Data-Scientist--Kaggle-Grandmaster-eb7k60,1,406,29,20,17,10,5,1799
E51,"Interview with Sergey Kolesnikov | Catalyst: PyTorch Framework for DL & RL | Open Source, Soft. Engg",Sergey Kolesnikov,Male,Russia,Russia,scitator,scitator,Industry,Herbal Tea,2020-02-10,Morning,2020-03-26,4489,https://www.youtube.com/watch?v=1g6BpItJdJA,0,4856,140,2.88,303,443,22,179,22,2,0,8,https://anchor.fm/chaitimedatascience/episodes/Interview-with-Sergey-Kolesnikov--Catalyst-PyTorch-Framework-for-DL--RL--Open-Source--Soft--Engg--Community-eb5c3j,1,426,20,12,15,9,4,1532
E52,"Interview with Russ Wolfinger | Statistics, Data Science & Kaggle | NFL Big Data Bowl #14 Pos Sol",Russ Wolfinger,Male,USA,USA,sasrdw,,Kaggle,Ginger Chai,2020-02-10,Night,2020-03-29,4462,https://www.youtube.com/watch?v=akYeBUTXmT4,0,5882,99,1.68,286,385,27,252,18,0,1,9,https://anchor.fm/chaitimedatascience/episodes/Interview-with-Russ-Wolfinger--Statistics--Data-Science--Kaggle--NFL-Big-Data-Bowl-14-Pos-Sol-eb5cnu,1,438,38,27,27,5,4,2849
E53,Interview with Erin LeDell | H2O-AutoML & H2O.ai | Open Source | RLadies & WiMLDS Community,Erin LeDell,Female,USA,USA,ledell,ledell,Industry,Ginger Chai,2020-02-13,Night,2020-04-02,3428,https://www.youtube.com/watch?v=i2K42HNAoFM,0,7700,154,2.00,290,444,46,371,4,1,1,3,https://anchor.fm/chaitimedatascience/episodes/Interview-w-Erin-LeDell--H2O-AutoML--H2O-ai--Open-Source--RLadies--WiMLDS-Community-eb5irc,1,392,30,20,17,0,0,0
E54,Interview with Sylvain Gugger | fast.ai: The new Framework & course | FastBook & Research at fast.ai,Sylvain Gugger,Male,USA,France,,guggersylvain,Industry,Herbal Tea,2020-02-13,Night,2020-04-05,2043,https://www.youtube.com/watch?v=-3fw9hxiop0,0,5417,175,3.23,522,697,68,351,35,1,3,15,https://anchor.fm/chaitimedatascience/episodes/Interview-w-Sylvain-Gugger--fast-ai-The-new-Framework--course--FastBook--Research-at-fast-ai-eb5a6a,1,510,49,37,29,17,5,1077
E55,"SharpestMinds Team on Learning to Learn | Data Science, Startups & Hiring",Edouard Harris | Jeremie Harris | Russell Pollari,Male,Canada,Canada,,neutronsNeurons | russ_poll | jeremiecharris,Industry,Herbal Tea,2020-02-07,Morning,2020-04-09,4032,https://www.youtube.com/watch?v=vaWOS9GHB9c,1,5096,145,2.85,237,382,53,499,26,0,5,19,https://anchor.fm/chaitimedatascience/episodes/SharpestMinds-Team-on-Learning-to-Learn--Data-Science--Startups--Hiring-eb61lb,1,473,54,39,36,11,7,2284
E56,"Interview with Dmytro Mushkin | Computer Vision Research | Kaggle, ML & Education",Dmytro Mushkin,Male,Czech Republic,Ukraine,oldufo,ducha_aiki,Kaggle,Herbal Tea,2020-02-10,Afternoon,2020-04-12,3164,https://www.youtube.com/watch?v=lWwkbiufwNE,1,5321,99,1.86,143,242,18,268,16,0,3,2,https://anchor.fm/chaitimedatascience/episodes/Interview-with-Dmytro-Mushkin--Computer-Vision-Research--Kaggle--ML--Education-eb40j2,1,443,39,32,21,8,4,1585
E57,"Interview with Mark Landry | Data Science, Kaggle, H2O.ai | AutoML",Mark Landry,Male,USA,USA,mlandry,mark_a_landry,Kaggle,Ginger Chai,2020-02-21,Morning,2020-04-16,3833,https://www.youtube.com/watch?v=kBcVi4p-ruY,1,9700,194,2.00,214,408,41,358,5,1,0,11,https://anchor.fm/chaitimedatascience/episodes/Interview-w-Mark-Landry--Data-Science--Kaggle--H2O-ai--AutoML-eb63se,1,397,33,26,21,7,7,3366
E58,CEO of Decision.ai: Dan Becker | What does it take to become a Data Scientist? | Kaggle Learn,Dan Becker,Male,USA,USA,dansbecker,dan_s_becker,Industry,Sulemani Chai,2020-02-11,Night,2020-04-19,3375,https://www.youtube.com/watch?v=eEYvgsUeEgw,0,4510,143,3.17,336,479,49,368,24,0,4,17,https://anchor.fm/chaitimedatascience/episodes/CEO-of-Decision-ai-Dan-Becker--What-does-it-take-to-become-a-Data-Scientist---Kaggle-Learn--Data-Science-Portfolio-eb631q,1,464,58,42,31,15,11,2564
E59,Suzana Ilić | Democratising AI with Communities | Machine Learning Tokyo | Inclusivity in AI,Suzana Illić,Female,Japan,Austria,,suzatweet,Research,Masala Chai,2020-02-12,Morning,2020-04-23,2192,https://www.youtube.com/watch?v=TzgHNJN8D3I,1,4237,126,2.97,218,344,24,251,14,0,2,4,https://anchor.fm/chaitimedatascience/episodes/Suzana-Ili--Democratising-AI-w-Communities--Machine-Learning-Tokyo--Inclusivity-in-AI-eb58p3,1,361,33,21,21,8,2,1033
E60,"Interview with Ines Montani | Spacy, NLP & Open Source Frameworks | Explosion.ai, Thinc.ai & Prodi.gy",Ines Montani,Female,Germany,Germany,,_inesmontani,Industry,Ginger Chai,2020-02-24,Night,2020-04-26,3119,https://www.youtube.com/watch?v=C5DGFSDlMBM,3,6810,340,4.99,822,1162,82,254,31,0,3,30,https://anchor.fm/chaitimedatascience/episodes/Interview-w-Ines-Montani--Spacy--NLP--Open-Source-Frameworks--Explosion-ai--Thinc-ai--Prodi-gy-ed2fvt,1,417,47,31,19,17,8,1751
E61,Daniel Bourke | Learning to Learn | Creating AI Content | Fitness & Machine Learning,Daniel Bourke,Male,Australia,Australia,,mrdbourke,Industry,Sulemani Chai,2020-02-20,Night,2020-04-30,5597,https://www.youtube.com/watch?v=r5_SuLF5UWY,3,4464,143,3.20,197,340,50,529,27,0,4,12,https://anchor.fm/chaitimedatascience/episodes/Daniel-Bourke--Learning-to-Learn--Creating-AI-Content--Fitness--Machine-Learning-eb65ap,1,437,53,43,27,13,9,2505
E62,"Pablo Samuel Castro | ML Research, Google Brain & Creative AI | Learning ML with the community | LatinX",Pablo Samuel Castro,Male,Canada,Ecuador,,pcastr,Research,Sulemani Chai,2020-02-20,Night,2020-05-03,3560,https://www.youtube.com/watch?v=muiM5SQxTIA,3,4585,75,1.64,136,211,22,375,17,0,3,4,https://anchor.fm/chaitimedatascience/episodes/Pablo-Samuel-Castro--ML-Research--Google-Brain--Creative-AI--Learning-ML-w-the-community--LatinX-eb7kfp,1,405,43,36,24,15,6,1525
E63,"Robert Bracco | Learning to Learn | Approaching Fast.ai Materials, Kaggle & Blogging",Robert Bracco,Male,USA,USA,madeupmasters,madeupmasters,Industry,Kesar Rose Chai,2020-02-14,Night,2020-05-07,7103,https://www.youtube.com/watch?v=CYYvQ-5V3xA,3,6163,180,2.92,196,376,61,584,12,1,6,2,https://anchor.fm/chaitimedatascience/episodes/Robert-Bracco--Learning-to-Learn--Approaching-Fast-ai-Materials--Kaggle--Blogging-eb7rqd,1,472,79,55,38,12,12,3562
E64,"Hamel Husain | Fastpages, Open Source | ML at Github | fastai",Hamel Husain,Male,USA,USA,hamelhusain,HamelHusain,Industry,Ginger Chai,2020-02-25,Night,2020-05-10,2976,https://www.youtube.com/watch?v=-pYMXSThpvc,3,4350,97,2.23,169,266,28,379,12,0,5,7,https://anchor.fm/chaitimedatascience/episodes/Hamel-Husain--Fastpages--Open-Source--ML-at-Github--fastai-eds2e6,1,426,36,24,21,13,8,2164
E65,Dmitry Danevskiy | Google Quest Q&A Labelling Comp: Winning Sol | Becoming Kaggle Grandmaster,Dmitry Danevskiy,Male,Ukraine,Ukraine,ddanevskyi,DanevskiyD,Kaggle,Masala Chai,2020-03-03,Morning,2020-05-14,2019,https://www.youtube.com/watch?v=pQL892iT-dM,3,4362,117,2.68,230,347,22,228,22,0,1,4,https://anchor.fm/chaitimedatascience/episodes/Dmitry-Danevskiy--Google-Quest-QA-Labelling-Comp-Winning-Sol--Becoming-Kaggle-Grandmaster-eb7jtv,1,358,24,15,18,9,3,1326
E66,Goku Mohandas | MadeWithML | AI Research | Healthcare | Education,Goku Mohandas,Male,USA,USA,,GokuMohandas,Industry,Paan Rose Green Tea,2020-05-06,Night,2020-05-17,5734,https://www.youtube.com/watch?v=VqysJmIqko8,3,9903,203,2.05,326,529,69,470,28,0,4,16,https://anchor.fm/chaitimedatascience/episodes/Goku-Mohandas--MadeWithML--AI-Research--Healthcare--Education-ee609r,1,402,51,36,24,15,15,3494
E67,"Eli Stevens, Luca Antiga, and Thomas Viehmann | Deep Learning with PyTorch",Eli Stevens | Luca Antiga | Thomas Viehmann,Male,USA | Italy | Germany,USA | Italy | Germany,,eli0stevens | lantiga | thomasviehmann,Industry,Paan Rose Green Tea,2020-05-01,Night,2020-05-21,4667,https://www.youtube.com/watch?v=f5Qv3eSZpug,3,4503,144,3.20,407,551,56,366,29,0,1,12,https://anchor.fm/chaitimedatascience/episodes/Eli-Stevens--Luca-Antiga--and-Thomas-Viehmann--Deep-Learning-with-PyTorch-eec4qk,1,403,24,18,16,19,11,2156
E68,Emmanuel Ameisen | Building Machine Learning Powered Apps,Emmanuel Ameisen,Male,USA,USA,,mlpowered,Industry,Masala Chai,2020-05-20,Morning,2020-05-24,3491,https://www.youtube.com/watch?v=ctss0hcD9SE,3,4734,137,2.89,191,328,35,384,21,1,2,4,https://anchor.fm/chaitimedatascience/episodes/Emmanuel-Ameisen--Building-Machine-Learning-Powered-Apps-eegaf3,3,418,54,42,28,21,10,1704
E69,Birthday Special AMA: Answering Questions from my ML Heroes | CTDS.News Launch,,,,,,,Other,Masala Chai,2020-05-27,Morning,2020-05-27,3984,https://www.youtube.com/watch?v=hyJhwWshfbY,3,3698,163,4.41,338,501,55,395,36,1,3,15,https://anchor.fm/chaitimedatascience/episodes/Birthday-Special-AMA-Answering-Questions-from-my-ML-Heroes--CTDS-News-Launch-eekt01,3,342,24,16,16,17,9,1992
E70,"Interview with Yauhen Babakhin | Kaggle, Computer Vision and AutoML",Yauhen Babakhin,Male,Belarus,Belarus,ybabakhin,,Kaggle,Paan Rose Green Tea,2020-05-28,Afternoon,2020-05-31,3952,https://www.youtube.com/watch?v=n_IUOeiKwnE,3,5200,99,2,201,300,14,168,5,0,2,4,https://anchor.fm/chaitimedatascience/episodes/Interview-with-Yauhen-Babakhin--Kaggle--Computer-Vision-and-AutoML--CTDS-Show-eeqdom,3,372,32,20,15,14,9,2229
E71,"Martin Henze, Heads Or Tails, First Kaggle Kernel GM | Astronomy | Story-Telling with Data",Martin Henze,Male,USA,USA,headsortails,heads0rtai1s,Kaggle,Paan Rose Green Tea,2020-05-24,Night,2020-06-04,4176,https://www.youtube.com/watch?v=2dpaSTWdhSk&list=PLLvvXm0q8zUbiNdoIazGzlENMXvZ9bd3x,3,3670,95,2.59,124,219,22,362,12,0,0,2,https://anchor.fm/chaitimedatascience/episodes/Martin-Henze--Heads-Or-Tails--First-Kaggle-Kernel-GM--Astronomy--Story-Telling-with-Data-eet4j9,3,359,33,25,18,10,5,1960
E72,Andreas Mueller | Scikit-Learn | ML and Open Source,Andreas Mueller,Male,USA,Germany,amuellerml,amuellerml,Industry,Paan Rose Green Tea,2020-05-25,Night,2020-06-07,3997,https://www.youtube.com/watch?v=iNZd_5T8tCI&list=PLLvvXm0q8zUbiNdoIazGzlENMXvZ9bd3x,3,3480,142,4.08,291,433,40,333,21,0,2,9,https://anchor.fm/chaitimedatascience/episodes/Andreas-Mueller--Scikit-Learn--ML-and-Open-Source--CTDS-Show-72-eet4j1,3,461,54,39,28,18,11,2147
E73,"Maximilian Jeblick | Physics, Math and Data Science | Kaggle and H2O.ai",Maximilian Jeblick,Male,Germany,Germany,maxjeblick,,Kaggle,Paan Rose Green Tea,2020-06-11,Afternoon,2020-06-11,2372,https://www.youtube.com/watch?v=VeM1T7UaYTk,3,3200,54,2,86,140,9,231,5,0,1,1,https://anchor.fm/chaitimedatascience/episodes/Maximilian-Jeblick--Physics--Math-and-Data-Science--Kaggle-and-H2O-ai--CTDS-Show-73-ef9jjk,3,327,18,16,13,11,4,1174
E74,"Dmitry Larko | H2O.ai | Kaggle, Applying Kaggle to Real world | AutoML",Dmitry Larko,Male,USA,Russia,dmitrylarko,DmitryLarko,Kaggle,Masala Chai,2020-06-05,Night,2020-06-14,4031,https://www.youtube.com/watch?v=aC9t9D7HpYE,3,4200,118,3,194,312,29,335,11,0,0,5,https://anchor.fm/chaitimedatascience/episodes/Dmitry-Larko--H2O-ai--Kaggle--Applying-Kaggle-to-Real-world--AutoML--CTDS-Show-74-efdhmt,3,352,35,26,22,13,7,1958
E75,Rachel Thomas | Fast.ai | Applied Ethics | Top Down Learning,Rachel Thomas ,Female,USA,USA,,math_rachel,Industry,Masala Chai,2020-06-16,Night,2020-06-18,2214,https://www.youtube.com/watch?v=tq_XcFubgKo&list=PLLvvXm0q8zUbiNdoIazGzlENMXvZ9bd3x,3,1931,115,5.96,164,279,23,297,20,0,1,3,https://anchor.fm/chaitimedatascience/episodes/Rachel-Thomas--Fast-ai--Applied-Ethics--Top-Down-Learning--CTDS-Show-75-efjj5d,3,247,17,10,13,,,